Pais,source,year,availability,person
ARG,IPUMS,1960,NA,
ARG,IPUMS,1961,NA,
ARG,IPUMS,1962,NA,
ARG,IPUMS,1963,NA,
ARG,IPUMS,1964,NA,
ARG,IPUMS,1970,1,
ARG,IPUMS,1971,NA,
ARG,IPUMS,1972,NA,
ARG,IPUMS,1973,NA,
ARG,IPUMS,1974,NA,
ARG,IPUMS,1975,NA,
ARG,IPUMS,1976,NA,
ARG,IPUMS,1980,1,
ARG,IPUMS,1981,NA,
ARG,IPUMS,1982,NA,
ARG,IPUMS,1984,NA,
ARG,IPUMS,1985,NA,
ARG,IPUMS,1988,NA,
ARG,IPUMS,1990,NA,
ARG,IPUMS,1991,1,
ARG,IPUMS,1992,NA,
ARG,IPUMS,1993,NA,
ARG,IPUMS,1994,NA,
ARG,IPUMS,1995,NA,
ARG,IPUMS,1996,NA,
ARG,IPUMS,2000,NA,
ARG,IPUMS,2001,1,David
ARG,IPUMS,2002,NA,
ARG,IPUMS,2003,NA,
ARG,IPUMS,2004,NA,
ARG,IPUMS,2005,NA,
ARG,IPUMS,2006,NA,
ARG,IPUMS,2007,NA,
ARG,IPUMS,2010,1,David
ARG,IPUMS,2011,NA,
ARG,IPUMS,2012,NA,
ARG,IPUMS,2013,NA,
ARG,IPUMS,2015,NA,
ARG,IPUMS,2017,NA,
ARG,IPUMS,2018,NA,
ARG,IPUMS,2020,NA,
BHS,NA,1960,NA,
BHS,NA,1961,NA,
BHS,NA,1962,NA,
BHS,NA,1963,NA,
BHS,NA,1964,NA,
BHS,NA,1970,NA,
BHS,NA,1971,NA,
BHS,NA,1972,NA,
BHS,NA,1973,NA,
BHS,NA,1974,NA,
BHS,NA,1975,NA,
BHS,NA,1976,NA,
BHS,NA,1980,NA,
BHS,NA,1981,NA,
BHS,NA,1982,NA,
BHS,NA,1984,NA,
BHS,NA,1985,NA,
BHS,NA,1988,NA,
BHS,NA,1990,NA,
BHS,NA,1991,NA,
BHS,NA,1992,NA,
BHS,NA,1993,NA,
BHS,NA,1994,NA,
BHS,NA,1995,NA,
BHS,NA,1996,NA,
BHS,NA,2000,NA,
BHS,NA,2001,NA,
BHS,NA,2002,NA,
BHS,NA,2003,NA,
BHS,NA,2004,NA,
BHS,NA,2005,NA,
BHS,NA,2006,NA,
BHS,NA,2007,NA,
BHS,NA,2010,NA,
BHS,NA,2011,NA,
BHS,NA,2012,NA,
BHS,NA,2013,NA,
BHS,NA,2015,NA,
BHS,NA,2017,NA,
BHS,NA,2018,NA,
BHS,NA,2020,NA,
BLZ,NA,1960,NA,
BLZ,NA,1961,NA,
BLZ,NA,1962,NA,
BLZ,NA,1963,NA,
BLZ,NA,1964,NA,
BLZ,NA,1970,NA,
BLZ,NA,1971,NA,
BLZ,NA,1972,NA,
BLZ,NA,1973,NA,
BLZ,NA,1974,NA,
BLZ,NA,1975,NA,
BLZ,NA,1976,NA,
BLZ,NA,1980,NA,
BLZ,NA,1981,NA,
BLZ,NA,1982,NA,
BLZ,NA,1984,NA,
BLZ,NA,1985,NA,
BLZ,NA,1988,NA,
BLZ,NA,1990,NA,
BLZ,NA,1991,NA,
BLZ,NA,1992,NA,
BLZ,NA,1993,NA,
BLZ,NA,1994,NA,
BLZ,NA,1995,NA,
BLZ,NA,1996,NA,
BLZ,NA,2000,NA,
BLZ,NA,2001,NA,
BLZ,NA,2002,NA,
BLZ,NA,2003,NA,
BLZ,NA,2004,NA,
BLZ,NA,2005,NA,
BLZ,NA,2006,NA,
BLZ,NA,2007,NA,
BLZ,NA,2010,NA,
BLZ,NA,2011,NA,
BLZ,NA,2012,NA,
BLZ,NA,2013,NA,
BLZ,NA,2015,NA,
BLZ,NA,2017,NA,
BLZ,NA,2018,NA,
BLZ,NA,2020,NA,
BOL,IPUMS,1960,NA,
BOL,IPUMS,1961,NA,
BOL,IPUMS,1962,NA,
BOL,IPUMS,1963,NA,
BOL,IPUMS,1964,NA,
BOL,IPUMS,1970,NA,
BOL,IPUMS,1971,NA,
BOL,IPUMS,1972,NA,
BOL,IPUMS,1973,NA,
BOL,IPUMS,1974,NA,
BOL,IPUMS,1975,NA,
BOL,IPUMS,1976,1,
BOL,IPUMS,1980,NA,
BOL,IPUMS,1981,NA,
BOL,IPUMS,1982,NA,
BOL,IPUMS,1984,NA,
BOL,IPUMS,1985,NA,
BOL,IPUMS,1988,NA,
BOL,IPUMS,1990,NA,
BOL,IPUMS,1991,NA,
BOL,IPUMS,1992,1,
BOL,IPUMS,1993,NA,
BOL,IPUMS,1994,NA,
BOL,IPUMS,1995,NA,
BOL,IPUMS,1996,NA,
BOL,IPUMS,2000,NA,
BOL,IPUMS,2001,1,David
BOL,IPUMS,2002,NA,
BOL,IPUMS,2003,NA,
BOL,IPUMS,2004,NA,
BOL,IPUMS,2005,NA,
BOL,IPUMS,2006,NA,
BOL,IPUMS,2007,NA,
BOL,IPUMS,2010,NA,
BOL,IPUMS,2011,NA,
BOL,IPUMS,2012,1,David
BOL,IPUMS,2013,NA,
BOL,IPUMS,2015,NA,
BOL,IPUMS,2017,NA,
BOL,IPUMS,2018,NA,
BOL,IPUMS,2020,NA,
BRA,IPUMS,1960,1,
BRA,IPUMS,1961,NA,
BRA,IPUMS,1962,NA,
BRA,IPUMS,1963,NA,
BRA,IPUMS,1964,NA,
BRA,IPUMS,1970,1,
BRA,IPUMS,1971,NA,
BRA,IPUMS,1972,NA,
BRA,IPUMS,1973,NA,
BRA,IPUMS,1974,NA,
BRA,IPUMS,1975,NA,
BRA,IPUMS,1976,NA,
BRA,IPUMS,1980,1,
BRA,IPUMS,1981,NA,
BRA,IPUMS,1982,NA,
BRA,IPUMS,1984,NA,
BRA,IPUMS,1985,NA,
BRA,IPUMS,1988,NA,
BRA,IPUMS,1990,NA,
BRA,IPUMS,1991,1,
BRA,IPUMS,1992,NA,
BRA,IPUMS,1993,NA,
BRA,IPUMS,1994,NA,
BRA,IPUMS,1995,NA,
BRA,IPUMS,1996,NA,
BRA,IPUMS,2000,1,
BRA,IPUMS,2001,NA,
BRA,IPUMS,2002,NA,
BRA,IPUMS,2003,NA,
BRA,IPUMS,2004,NA,
BRA,IPUMS,2005,NA,
BRA,IPUMS,2006,NA,
BRA,IPUMS,2007,NA,
BRA,IPUMS,2010,1,
BRA,IPUMS,2011,NA,
BRA,IPUMS,2012,NA,
BRA,IPUMS,2013,NA,
BRA,IPUMS,2015,NA,
BRA,IPUMS,2017,NA,
BRA,IPUMS,2018,NA,
BRA,IPUMS,2020,NA,
BRB,IDB,1960,NA,
BRB,IDB,1961,NA,
BRB,IDB,1962,NA,
BRB,IDB,1963,NA,
BRB,IDB,1964,NA,
BRB,IDB,1970,NA,
BRB,IDB,1971,NA,
BRB,IDB,1972,NA,
BRB,IDB,1973,NA,
BRB,IDB,1974,NA,
BRB,IDB,1975,NA,
BRB,IDB,1976,NA,
BRB,IDB,1980,NA,
BRB,IDB,1981,NA,
BRB,IDB,1982,NA,
BRB,IDB,1984,NA,
BRB,IDB,1985,NA,
BRB,IDB,1988,NA,
BRB,IDB,1990,0,
BRB,IDB,1991,NA,
BRB,IDB,1992,NA,
BRB,IDB,1993,NA,
BRB,IDB,1994,NA,
BRB,IDB,1995,NA,
BRB,IDB,1996,NA,
BRB,IDB,2000,0,
BRB,IDB,2001,NA,
BRB,IDB,2002,NA,
BRB,IDB,2003,NA,
BRB,IDB,2004,NA,
BRB,IDB,2005,NA,
BRB,IDB,2006,NA,
BRB,IDB,2007,NA,
BRB,IDB,2010,0,
BRB,IDB,2011,NA,
BRB,IDB,2012,NA,
BRB,IDB,2013,NA,
BRB,IDB,2015,NA,
BRB,IDB,2017,NA,
BRB,IDB,2018,NA,
BRB,IDB,2020,NA,
CHL,IPUMS,1960,1,
CHL,IPUMS,1961,NA,
CHL,IPUMS,1962,NA,
CHL,IPUMS,1963,NA,
CHL,IPUMS,1964,NA,
CHL,IPUMS,1970,1,
CHL,IPUMS,1971,NA,
CHL,IPUMS,1972,NA,
CHL,IPUMS,1973,NA,
CHL,IPUMS,1974,NA,
CHL,IPUMS,1975,NA,
CHL,IPUMS,1976,NA,
CHL,IPUMS,1980,NA,
CHL,IPUMS,1981,NA,
CHL,IPUMS,1982,1,
CHL,IPUMS,1984,NA,
CHL,IPUMS,1985,NA,
CHL,IPUMS,1988,NA,
CHL,IPUMS,1990,NA,
CHL,IPUMS,1991,NA,
CHL,IPUMS,1992,1,
CHL,IPUMS,1993,NA,
CHL,IPUMS,1994,NA,
CHL,IPUMS,1995,NA,
CHL,IPUMS,1996,NA,
CHL,IPUMS,2000,NA,
CHL,IPUMS,2001,NA,
CHL,IPUMS,2002,1,David
CHL,IPUMS,2003,NA,
CHL,IPUMS,2004,NA,
CHL,IPUMS,2005,NA,
CHL,IPUMS,2006,NA,
CHL,IPUMS,2007,NA,
CHL,IPUMS,2010,NA,
CHL,IPUMS,2011,NA,
CHL,IPUMS,2012,NA,
CHL,IPUMS,2013,NA,
CHL,IPUMS,2015,NA,
CHL,IPUMS,2017,1,David
CHL,IPUMS,2018,NA,
CHL,IPUMS,2020,NA,
COL,IDB/external,1960,NA,
COL,IDB/external,1961,NA,
COL,IDB/external,1962,NA,
COL,IDB/external,1963,NA,
COL,IDB/external,1964,1,
COL,IDB/external,1970,NA,
COL,IDB/external,1971,NA,
COL,IDB/external,1972,NA,
COL,IDB/external,1973,1,
COL,IDB/external,1974,NA,
COL,IDB/external,1975,NA,
COL,IDB/external,1976,NA,
COL,IDB/external,1980,NA,
COL,IDB/external,1981,NA,
COL,IDB/external,1982,NA,
COL,IDB/external,1984,NA,
COL,IDB/external,1985,1,
COL,IDB/external,1988,NA,
COL,IDB/external,1990,NA,
COL,IDB/external,1991,NA,
COL,IDB/external,1992,NA,
COL,IDB/external,1993,1,
COL,IDB/external,1994,NA,
COL,IDB/external,1995,NA,
COL,IDB/external,1996,NA,
COL,IDB/external,2000,NA,
COL,IDB/external,2001,NA,
COL,IDB/external,2002,NA,
COL,IDB/external,2003,NA,
COL,IDB/external,2004,NA,
COL,IDB/external,2005,1,
COL,IDB/external,2006,NA,
COL,IDB/external,2007,NA,
COL,IDB/external,2010,NA,
COL,IDB/external,2011,NA,
COL,IDB/external,2012,NA,
COL,IDB/external,2013,NA,
COL,IDB/external,2015,NA,
COL,IDB/external,2017,NA,
COL,IDB/external,2018,1,
COL,IDB/external,2020,NA,
CRI,IPUMS,1960,NA,
CRI,IPUMS,1961,NA,
CRI,IPUMS,1962,NA,
CRI,IPUMS,1963,1,
CRI,IPUMS,1964,NA,
CRI,IPUMS,1970,NA,
CRI,IPUMS,1971,NA,
CRI,IPUMS,1972,NA,
CRI,IPUMS,1973,1,
CRI,IPUMS,1974,NA,
CRI,IPUMS,1975,NA,
CRI,IPUMS,1976,NA,
CRI,IPUMS,1980,NA,
CRI,IPUMS,1981,NA,
CRI,IPUMS,1982,NA,
CRI,IPUMS,1984,1,
CRI,IPUMS,1985,NA,
CRI,IPUMS,1988,NA,
CRI,IPUMS,1990,NA,
CRI,IPUMS,1991,NA,
CRI,IPUMS,1992,NA,
CRI,IPUMS,1993,NA,
CRI,IPUMS,1994,NA,
CRI,IPUMS,1995,NA,
CRI,IPUMS,1996,NA,
CRI,IPUMS,2000,1,David
CRI,IPUMS,2001,NA,
CRI,IPUMS,2002,NA,
CRI,IPUMS,2003,NA,
CRI,IPUMS,2004,NA,
CRI,IPUMS,2005,NA,
CRI,IPUMS,2006,NA,
CRI,IPUMS,2007,NA,
CRI,IPUMS,2010,NA,
CRI,IPUMS,2011,1,David
CRI,IPUMS,2012,NA,
CRI,IPUMS,2013,NA,
CRI,IPUMS,2015,NA,
CRI,IPUMS,2017,NA,
CRI,IPUMS,2018,NA,
CRI,IPUMS,2020,NA,
DOM,IPUMS,1960,1,
DOM,IPUMS,1961,NA,
DOM,IPUMS,1962,NA,
DOM,IPUMS,1963,NA,
DOM,IPUMS,1964,NA,
DOM,IPUMS,1970,1,
DOM,IPUMS,1971,NA,
DOM,IPUMS,1972,NA,
DOM,IPUMS,1973,NA,
DOM,IPUMS,1974,NA,
DOM,IPUMS,1975,NA,
DOM,IPUMS,1976,NA,
DOM,IPUMS,1980,NA,
DOM,IPUMS,1981,1,
DOM,IPUMS,1982,NA,
DOM,IPUMS,1984,NA,
DOM,IPUMS,1985,NA,
DOM,IPUMS,1988,NA,
DOM,IPUMS,1990,NA,
DOM,IPUMS,1991,NA,
DOM,IPUMS,1992,NA,
DOM,IPUMS,1993,NA,
DOM,IPUMS,1994,NA,
DOM,IPUMS,1995,NA,
DOM,IPUMS,1996,NA,
DOM,IPUMS,2000,NA,
DOM,IPUMS,2001,NA,
DOM,IPUMS,2002,1,David
DOM,IPUMS,2003,NA,
DOM,IPUMS,2004,NA,
DOM,IPUMS,2005,NA,
DOM,IPUMS,2006,NA,
DOM,IPUMS,2007,NA,
DOM,IPUMS,2010,1,David
DOM,IPUMS,2011,NA,
DOM,IPUMS,2012,NA,
DOM,IPUMS,2013,NA,
DOM,IPUMS,2015,NA,
DOM,IPUMS,2017,NA,
DOM,IPUMS,2018,NA,
DOM,IPUMS,2020,NA,
ECU,IPUMS,1960,NA,
ECU,IPUMS,1961,NA,
ECU,IPUMS,1962,1,
ECU,IPUMS,1963,NA,
ECU,IPUMS,1964,NA,
ECU,IPUMS,1970,NA,
ECU,IPUMS,1971,NA,
ECU,IPUMS,1972,NA,
ECU,IPUMS,1973,NA,
ECU,IPUMS,1974,1,
ECU,IPUMS,1975,NA,
ECU,IPUMS,1976,NA,
ECU,IPUMS,1980,NA,
ECU,IPUMS,1981,NA,
ECU,IPUMS,1982,1,
ECU,IPUMS,1984,NA,
ECU,IPUMS,1985,NA,
ECU,IPUMS,1988,NA,
ECU,IPUMS,1990,1,
ECU,IPUMS,1991,NA,
ECU,IPUMS,1992,NA,
ECU,IPUMS,1993,NA,
ECU,IPUMS,1994,NA,
ECU,IPUMS,1995,NA,
ECU,IPUMS,1996,NA,
ECU,IPUMS,2000,NA,
ECU,IPUMS,2001,1,David
ECU,IPUMS,2002,NA,
ECU,IPUMS,2003,NA,
ECU,IPUMS,2004,NA,
ECU,IPUMS,2005,NA,
ECU,IPUMS,2006,NA,
ECU,IPUMS,2007,NA,
ECU,IPUMS,2010,1,David
ECU,IPUMS,2011,NA,
ECU,IPUMS,2012,NA,
ECU,IPUMS,2013,NA,
ECU,IPUMS,2015,NA,
ECU,IPUMS,2017,NA,
ECU,IPUMS,2018,NA,
ECU,IPUMS,2020,NA,
GTM,IPUMS/IDB,1960,NA,
GTM,IPUMS/IDB,1961,NA,
GTM,IPUMS/IDB,1962,NA,
GTM,IPUMS/IDB,1963,1,
GTM,IPUMS/IDB,1964,NA,
GTM,IPUMS/IDB,1970,NA,
GTM,IPUMS/IDB,1971,NA,
GTM,IPUMS/IDB,1972,NA,
GTM,IPUMS/IDB,1973,1,
GTM,IPUMS/IDB,1974,NA,
GTM,IPUMS/IDB,1975,NA,
GTM,IPUMS/IDB,1976,NA,
GTM,IPUMS/IDB,1980,NA,
GTM,IPUMS/IDB,1981,1,
GTM,IPUMS/IDB,1982,NA,
GTM,IPUMS/IDB,1984,NA,
GTM,IPUMS/IDB,1985,NA,
GTM,IPUMS/IDB,1988,NA,
GTM,IPUMS/IDB,1990,NA,
GTM,IPUMS/IDB,1991,NA,
GTM,IPUMS/IDB,1992,NA,
GTM,IPUMS/IDB,1993,NA,
GTM,IPUMS/IDB,1994,1,
GTM,IPUMS/IDB,1995,NA,
GTM,IPUMS/IDB,1996,NA,
GTM,IPUMS/IDB,2000,NA,
GTM,IPUMS/IDB,2001,NA,
GTM,IPUMS/IDB,2002,1,David
GTM,IPUMS/IDB,2003,NA,
GTM,IPUMS/IDB,2004,NA,
GTM,IPUMS/IDB,2005,NA,
GTM,IPUMS/IDB,2006,NA,
GTM,IPUMS/IDB,2007,NA,
GTM,IPUMS/IDB,2010,NA,
GTM,IPUMS/IDB,2011,NA,
GTM,IPUMS/IDB,2012,NA,
GTM,IPUMS/IDB,2013,NA,
GTM,IPUMS/IDB,2015,NA,
GTM,IPUMS/IDB,2017,NA,
GTM,IPUMS/IDB,2018,1,
GTM,IPUMS/IDB,2020,NA,
GUY,IDB,1960,NA,
GUY,IDB,1961,NA,
GUY,IDB,1962,NA,
GUY,IDB,1963,NA,
GUY,IDB,1964,NA,
GUY,IDB,1970,NA,
GUY,IDB,1971,NA,
GUY,IDB,1972,NA,
GUY,IDB,1973,NA,
GUY,IDB,1974,NA,
GUY,IDB,1975,NA,
GUY,IDB,1976,NA,
GUY,IDB,1980,NA,
GUY,IDB,1981,NA,
GUY,IDB,1982,NA,
GUY,IDB,1984,NA,
GUY,IDB,1985,NA,
GUY,IDB,1988,NA,
GUY,IDB,1990,NA,
GUY,IDB,1991,0,
GUY,IDB,1992,NA,
GUY,IDB,1993,NA,
GUY,IDB,1994,NA,
GUY,IDB,1995,NA,
GUY,IDB,1996,NA,
GUY,IDB,2000,NA,
GUY,IDB,2001,NA,
GUY,IDB,2002,0,
GUY,IDB,2003,NA,
GUY,IDB,2004,NA,
GUY,IDB,2005,NA,
GUY,IDB,2006,NA,
GUY,IDB,2007,NA,
GUY,IDB,2010,NA,
GUY,IDB,2011,NA,
GUY,IDB,2012,0,
GUY,IDB,2013,NA,
GUY,IDB,2015,NA,
GUY,IDB,2017,NA,
GUY,IDB,2018,NA,
GUY,IDB,2020,NA,
HND,IDB/IPUMS,1960,NA,
HND,IDB/IPUMS,1961,1,
HND,IDB/IPUMS,1962,NA,
HND,IDB/IPUMS,1963,NA,
HND,IDB/IPUMS,1964,NA,
HND,IDB/IPUMS,1970,NA,
HND,IDB/IPUMS,1971,NA,
HND,IDB/IPUMS,1972,NA,
HND,IDB/IPUMS,1973,NA,
HND,IDB/IPUMS,1974,1,
HND,IDB/IPUMS,1975,NA,
HND,IDB/IPUMS,1976,NA,
HND,IDB/IPUMS,1980,NA,
HND,IDB/IPUMS,1981,NA,
HND,IDB/IPUMS,1982,NA,
HND,IDB/IPUMS,1984,NA,
HND,IDB/IPUMS,1985,NA,
HND,IDB/IPUMS,1988,1,
HND,IDB/IPUMS,1990,NA,
HND,IDB/IPUMS,1991,NA,
HND,IDB/IPUMS,1992,NA,
HND,IDB/IPUMS,1993,NA,
HND,IDB/IPUMS,1994,NA,
HND,IDB/IPUMS,1995,NA,
HND,IDB/IPUMS,1996,NA,
HND,IDB/IPUMS,2000,NA,
HND,IDB/IPUMS,2001,1,David
HND,IDB/IPUMS,2002,NA,
HND,IDB/IPUMS,2003,NA,
HND,IDB/IPUMS,2004,NA,
HND,IDB/IPUMS,2005,NA,
HND,IDB/IPUMS,2006,NA,
HND,IDB/IPUMS,2007,NA,
HND,IDB/IPUMS,2010,NA,
HND,IDB/IPUMS,2011,NA,
HND,IDB/IPUMS,2012,NA,
HND,IDB/IPUMS,2013,0,
HND,IDB/IPUMS,2015,NA,
HND,IDB/IPUMS,2017,NA,
HND,IDB/IPUMS,2018,NA,
HND,IDB/IPUMS,2020,NA,
HTI,IPUMS,1960,NA,
HTI,IPUMS,1961,NA,
HTI,IPUMS,1962,NA,
HTI,IPUMS,1963,NA,
HTI,IPUMS,1964,NA,
HTI,IPUMS,1970,NA,
HTI,IPUMS,1971,1,
HTI,IPUMS,1972,NA,
HTI,IPUMS,1973,NA,
HTI,IPUMS,1974,NA,
HTI,IPUMS,1975,NA,
HTI,IPUMS,1976,NA,
HTI,IPUMS,1980,NA,
HTI,IPUMS,1981,NA,
HTI,IPUMS,1982,1,
HTI,IPUMS,1984,NA,
HTI,IPUMS,1985,NA,
HTI,IPUMS,1988,NA,
HTI,IPUMS,1990,NA,
HTI,IPUMS,1991,NA,
HTI,IPUMS,1992,NA,
HTI,IPUMS,1993,NA,
HTI,IPUMS,1994,NA,
HTI,IPUMS,1995,NA,
HTI,IPUMS,1996,NA,
HTI,IPUMS,2000,NA,
HTI,IPUMS,2001,NA,
HTI,IPUMS,2002,NA,
HTI,IPUMS,2003,1,David
HTI,IPUMS,2004,NA,
HTI,IPUMS,2005,NA,
HTI,IPUMS,2006,NA,
HTI,IPUMS,2007,NA,
HTI,IPUMS,2010,NA,
HTI,IPUMS,2011,NA,
HTI,IPUMS,2012,NA,
HTI,IPUMS,2013,NA,
HTI,IPUMS,2015,NA,
HTI,IPUMS,2017,NA,
HTI,IPUMS,2018,NA,
HTI,IPUMS,2020,NA,
JAM,IPUMS/IDB,1960,NA,
JAM,IPUMS/IDB,1961,NA,
JAM,IPUMS/IDB,1962,NA,
JAM,IPUMS/IDB,1963,NA,
JAM,IPUMS/IDB,1964,NA,
JAM,IPUMS/IDB,1970,NA,
JAM,IPUMS/IDB,1971,NA,
JAM,IPUMS/IDB,1972,NA,
JAM,IPUMS/IDB,1973,NA,
JAM,IPUMS/IDB,1974,NA,
JAM,IPUMS/IDB,1975,NA,
JAM,IPUMS/IDB,1976,NA,
JAM,IPUMS/IDB,1980,NA,
JAM,IPUMS/IDB,1981,NA,
JAM,IPUMS/IDB,1982,1,
JAM,IPUMS/IDB,1984,NA,
JAM,IPUMS/IDB,1985,NA,
JAM,IPUMS/IDB,1988,NA,
JAM,IPUMS/IDB,1990,NA,
JAM,IPUMS/IDB,1991,1,
JAM,IPUMS/IDB,1992,NA,
JAM,IPUMS/IDB,1993,NA,
JAM,IPUMS/IDB,1994,NA,
JAM,IPUMS/IDB,1995,NA,
JAM,IPUMS/IDB,1996,NA,
JAM,IPUMS/IDB,2000,NA,
JAM,IPUMS/IDB,2001,1,David
JAM,IPUMS/IDB,2002,NA,
JAM,IPUMS/IDB,2003,NA,
JAM,IPUMS/IDB,2004,NA,
JAM,IPUMS/IDB,2005,NA,
JAM,IPUMS/IDB,2006,NA,
JAM,IPUMS/IDB,2007,NA,
JAM,IPUMS/IDB,2010,NA,
JAM,IPUMS/IDB,2011,1,David
JAM,IPUMS/IDB,2012,NA,
JAM,IPUMS/IDB,2013,NA,
JAM,IPUMS/IDB,2015,NA,
JAM,IPUMS/IDB,2017,NA,
JAM,IPUMS/IDB,2018,NA,
JAM,IPUMS/IDB,2020,NA,
MEX,IPUMS/external,1960,1,
MEX,IPUMS/external,1961,NA,
MEX,IPUMS/external,1962,NA,
MEX,IPUMS/external,1963,NA,
MEX,IPUMS/external,1964,NA,
MEX,IPUMS/external,1970,1,
MEX,IPUMS/external,1971,NA,
MEX,IPUMS/external,1972,NA,
MEX,IPUMS/external,1973,NA,
MEX,IPUMS/external,1974,NA,
MEX,IPUMS/external,1975,NA,
MEX,IPUMS/external,1976,NA,
MEX,IPUMS/external,1980,NA,
MEX,IPUMS/external,1981,NA,
MEX,IPUMS/external,1982,NA,
MEX,IPUMS/external,1984,NA,
MEX,IPUMS/external,1985,NA,
MEX,IPUMS/external,1988,NA,
MEX,IPUMS/external,1990,1,
MEX,IPUMS/external,1991,NA,
MEX,IPUMS/external,1992,NA,
MEX,IPUMS/external,1993,NA,
MEX,IPUMS/external,1994,NA,
MEX,IPUMS/external,1995,1,
MEX,IPUMS/external,1996,NA,
MEX,IPUMS/external,2000,1,
MEX,IPUMS/external,2001,NA,
MEX,IPUMS/external,2002,NA,
MEX,IPUMS/external,2003,NA,
MEX,IPUMS/external,2004,NA,
MEX,IPUMS/external,2005,1,
MEX,IPUMS/external,2006,NA,
MEX,IPUMS/external,2007,NA,
MEX,IPUMS/external,2010,1,
MEX,IPUMS/external,2011,NA,
MEX,IPUMS/external,2012,NA,
MEX,IPUMS/external,2013,NA,
MEX,IPUMS/external,2015,1,
MEX,IPUMS/external,2017,NA,
MEX,IPUMS/external,2018,NA,
MEX,IPUMS/external,2020,1,
NIC,IPUMS,1960,NA,
NIC,IPUMS,1961,NA,
NIC,IPUMS,1962,NA,
NIC,IPUMS,1963,NA,
NIC,IPUMS,1964,NA,
NIC,IPUMS,1970,NA,
NIC,IPUMS,1971,1,
NIC,IPUMS,1972,NA,
NIC,IPUMS,1973,NA,
NIC,IPUMS,1974,NA,
NIC,IPUMS,1975,NA,
NIC,IPUMS,1976,NA,
NIC,IPUMS,1980,NA,
NIC,IPUMS,1981,NA,
NIC,IPUMS,1982,NA,
NIC,IPUMS,1984,NA,
NIC,IPUMS,1985,NA,
NIC,IPUMS,1988,NA,
NIC,IPUMS,1990,NA,
NIC,IPUMS,1991,NA,
NIC,IPUMS,1992,NA,
NIC,IPUMS,1993,NA,
NIC,IPUMS,1994,NA,
NIC,IPUMS,1995,1,
NIC,IPUMS,1996,NA,
NIC,IPUMS,2000,NA,
NIC,IPUMS,2001,NA,
NIC,IPUMS,2002,NA,
NIC,IPUMS,2003,NA,
NIC,IPUMS,2004,NA,
NIC,IPUMS,2005,1,David
NIC,IPUMS,2006,NA,
NIC,IPUMS,2007,NA,
NIC,IPUMS,2010,NA,
NIC,IPUMS,2011,NA,
NIC,IPUMS,2012,NA,
NIC,IPUMS,2013,NA,
NIC,IPUMS,2015,NA,
NIC,IPUMS,2017,NA,
NIC,IPUMS,2018,NA,
NIC,IPUMS,2020,NA,
PAN,IPUMS,1960,1,
PAN,IPUMS,1961,NA,
PAN,IPUMS,1962,NA,
PAN,IPUMS,1963,NA,
PAN,IPUMS,1964,NA,
PAN,IPUMS,1970,1,
PAN,IPUMS,1971,NA,
PAN,IPUMS,1972,NA,
PAN,IPUMS,1973,NA,
PAN,IPUMS,1974,NA,
PAN,IPUMS,1975,NA,
PAN,IPUMS,1976,NA,
PAN,IPUMS,1980,1,
PAN,IPUMS,1981,NA,
PAN,IPUMS,1982,NA,
PAN,IPUMS,1984,NA,
PAN,IPUMS,1985,NA,
PAN,IPUMS,1988,NA,
PAN,IPUMS,1990,1,
PAN,IPUMS,1991,NA,
PAN,IPUMS,1992,NA,
PAN,IPUMS,1993,NA,
PAN,IPUMS,1994,NA,
PAN,IPUMS,1995,NA,
PAN,IPUMS,1996,NA,
PAN,IPUMS,2000,1,David
PAN,IPUMS,2001,NA,
PAN,IPUMS,2002,NA,
PAN,IPUMS,2003,NA,
PAN,IPUMS,2004,NA,
PAN,IPUMS,2005,NA,
PAN,IPUMS,2006,NA,
PAN,IPUMS,2007,NA,
PAN,IPUMS,2010,1,David
PAN,IPUMS,2011,NA,
PAN,IPUMS,2012,NA,
PAN,IPUMS,2013,NA,
PAN,IPUMS,2015,NA,
PAN,IPUMS,2017,NA,
PAN,IPUMS,2018,NA,
PAN,IPUMS,2020,NA,
PRY,IPUMS/external,1960,NA,
PRY,IPUMS/external,1961,NA,
PRY,IPUMS/external,1962,1,
PRY,IPUMS/external,1963,NA,
PRY,IPUMS/external,1964,NA,
PRY,IPUMS/external,1970,NA,
PRY,IPUMS/external,1971,NA,
PRY,IPUMS/external,1972,1,
PRY,IPUMS/external,1973,NA,
PRY,IPUMS/external,1974,NA,
PRY,IPUMS/external,1975,NA,
PRY,IPUMS/external,1976,NA,
PRY,IPUMS/external,1980,NA,
PRY,IPUMS/external,1981,NA,
PRY,IPUMS/external,1982,1,
PRY,IPUMS/external,1984,NA,
PRY,IPUMS/external,1985,NA,
PRY,IPUMS/external,1988,NA,
PRY,IPUMS/external,1990,NA,
PRY,IPUMS/external,1991,NA,
PRY,IPUMS/external,1992,1,
PRY,IPUMS/external,1993,NA,
PRY,IPUMS/external,1994,NA,
PRY,IPUMS/external,1995,NA,
PRY,IPUMS/external,1996,NA,
PRY,IPUMS/external,2000,NA,
PRY,IPUMS/external,2001,NA,
PRY,IPUMS/external,2002,1,David
PRY,IPUMS/external,2003,NA,
PRY,IPUMS/external,2004,NA,
PRY,IPUMS/external,2005,NA,
PRY,IPUMS/external,2006,NA,
PRY,IPUMS/external,2007,NA,
PRY,IPUMS/external,2010,NA,
PRY,IPUMS/external,2011,NA,
PRY,IPUMS/external,2012,0,
PRY,IPUMS/external,2013,NA,
PRY,IPUMS/external,2015,NA,
PRY,IPUMS/external,2017,NA,
PRY,IPUMS/external,2018,NA,
PRY,IPUMS/external,2020,NA,
PER,IPUMS/IDB,1960,NA,
PER,IPUMS/IDB,1961,NA,
PER,IPUMS/IDB,1962,NA,
PER,IPUMS/IDB,1963,NA,
PER,IPUMS/IDB,1964,NA,
PER,IPUMS/IDB,1970,NA,
PER,IPUMS/IDB,1971,NA,
PER,IPUMS/IDB,1972,NA,
PER,IPUMS/IDB,1973,NA,
PER,IPUMS/IDB,1974,NA,
PER,IPUMS/IDB,1975,NA,
PER,IPUMS/IDB,1976,NA,
PER,IPUMS/IDB,1980,NA,
PER,IPUMS/IDB,1981,0,
PER,IPUMS/IDB,1982,NA,
PER,IPUMS/IDB,1984,NA,
PER,IPUMS/IDB,1985,NA,
PER,IPUMS/IDB,1988,NA,
PER,IPUMS/IDB,1990,NA,
PER,IPUMS/IDB,1991,NA,
PER,IPUMS/IDB,1992,NA,
PER,IPUMS/IDB,1993,1,
PER,IPUMS/IDB,1994,NA,
PER,IPUMS/IDB,1995,NA,
PER,IPUMS/IDB,1996,NA,
PER,IPUMS/IDB,2000,NA,
PER,IPUMS/IDB,2001,NA,
PER,IPUMS/IDB,2002,NA,
PER,IPUMS/IDB,2003,NA,
PER,IPUMS/IDB,2004,NA,
PER,IPUMS/IDB,2005,NA,
PER,IPUMS/IDB,2006,NA,
PER,IPUMS/IDB,2007,1,David
PER,IPUMS/IDB,2010,NA,
PER,IPUMS/IDB,2011,NA,
PER,IPUMS/IDB,2012,NA,
PER,IPUMS/IDB,2013,NA,
PER,IPUMS/IDB,2015,NA,
PER,IPUMS/IDB,2017,1,
PER,IPUMS/IDB,2018,NA,
PER,IPUMS/IDB,2020,NA,
SLV,IPUMS,1960,NA,
SLV,IPUMS,1961,NA,
SLV,IPUMS,1962,NA,
SLV,IPUMS,1963,NA,
SLV,IPUMS,1964,NA,
SLV,IPUMS,1970,NA,
SLV,IPUMS,1971,NA,
SLV,IPUMS,1972,NA,
SLV,IPUMS,1973,NA,
SLV,IPUMS,1974,NA,
SLV,IPUMS,1975,NA,
SLV,IPUMS,1976,NA,
SLV,IPUMS,1980,NA,
SLV,IPUMS,1981,NA,
SLV,IPUMS,1982,NA,
SLV,IPUMS,1984,NA,
SLV,IPUMS,1985,NA,
SLV,IPUMS,1988,NA,
SLV,IPUMS,1990,NA,
SLV,IPUMS,1991,NA,
SLV,IPUMS,1992,1,
SLV,IPUMS,1993,NA,
SLV,IPUMS,1994,NA,
SLV,IPUMS,1995,NA,
SLV,IPUMS,1996,NA,
SLV,IPUMS,2000,NA,
SLV,IPUMS,2001,NA,
SLV,IPUMS,2002,NA,
SLV,IPUMS,2003,NA,
SLV,IPUMS,2004,NA,
SLV,IPUMS,2005,NA,
SLV,IPUMS,2006,NA,
SLV,IPUMS,2007,1,David
SLV,IPUMS,2010,NA,
SLV,IPUMS,2011,NA,
SLV,IPUMS,2012,NA,
SLV,IPUMS,2013,NA,
SLV,IPUMS,2015,NA,
SLV,IPUMS,2017,NA,
SLV,IPUMS,2018,NA,
SLV,IPUMS,2020,NA,
SUR,IPUMS,1960,NA,
SUR,IPUMS,1961,NA,
SUR,IPUMS,1962,NA,
SUR,IPUMS,1963,NA,
SUR,IPUMS,1964,NA,
SUR,IPUMS,1970,NA,
SUR,IPUMS,1971,NA,
SUR,IPUMS,1972,NA,
SUR,IPUMS,1973,NA,
SUR,IPUMS,1974,NA,
SUR,IPUMS,1975,NA,
SUR,IPUMS,1976,NA,
SUR,IPUMS,1980,NA,
SUR,IPUMS,1981,NA,
SUR,IPUMS,1982,NA,
SUR,IPUMS,1984,NA,
SUR,IPUMS,1985,NA,
SUR,IPUMS,1988,NA,
SUR,IPUMS,1990,NA,
SUR,IPUMS,1991,NA,
SUR,IPUMS,1992,NA,
SUR,IPUMS,1993,NA,
SUR,IPUMS,1994,NA,
SUR,IPUMS,1995,NA,
SUR,IPUMS,1996,NA,
SUR,IPUMS,2000,NA,
SUR,IPUMS,2001,NA,
SUR,IPUMS,2002,NA,
SUR,IPUMS,2003,NA,
SUR,IPUMS,2004,1,David
SUR,IPUMS,2005,NA,
SUR,IPUMS,2006,NA,
SUR,IPUMS,2007,NA,
SUR,IPUMS,2010,NA,
SUR,IPUMS,2011,NA,
SUR,IPUMS,2012,1,David
SUR,IPUMS,2013,NA,
SUR,IPUMS,2015,NA,
SUR,IPUMS,2017,NA,
SUR,IPUMS,2018,NA,
SUR,IPUMS,2020,NA,
TTO,IPUMS,1960,NA,
TTO,IPUMS,1961,NA,
TTO,IPUMS,1962,NA,
TTO,IPUMS,1963,NA,
TTO,IPUMS,1964,NA,
TTO,IPUMS,1970,1,
TTO,IPUMS,1971,NA,
TTO,IPUMS,1972,NA,
TTO,IPUMS,1973,NA,
TTO,IPUMS,1974,NA,
TTO,IPUMS,1975,NA,
TTO,IPUMS,1976,NA,
TTO,IPUMS,1980,1,
TTO,IPUMS,1981,NA,
TTO,IPUMS,1982,NA,
TTO,IPUMS,1984,NA,
TTO,IPUMS,1985,NA,
TTO,IPUMS,1988,NA,
TTO,IPUMS,1990,1,
TTO,IPUMS,1991,NA,
TTO,IPUMS,1992,NA,
TTO,IPUMS,1993,NA,
TTO,IPUMS,1994,NA,
TTO,IPUMS,1995,NA,
TTO,IPUMS,1996,NA,
TTO,IPUMS,2000,1,David
TTO,IPUMS,2001,NA,
TTO,IPUMS,2002,NA,
TTO,IPUMS,2003,NA,
TTO,IPUMS,2004,NA,
TTO,IPUMS,2005,NA,
TTO,IPUMS,2006,NA,
TTO,IPUMS,2007,NA,
TTO,IPUMS,2010,NA,
TTO,IPUMS,2011,1,David
TTO,IPUMS,2012,NA,
TTO,IPUMS,2013,NA,
TTO,IPUMS,2015,NA,
TTO,IPUMS,2017,NA,
TTO,IPUMS,2018,NA,
TTO,IPUMS,2020,NA,
URY,IPUMS,1960,NA,
URY,IPUMS,1961,NA,
URY,IPUMS,1962,NA,
URY,IPUMS,1963,1,
URY,IPUMS,1964,NA,
URY,IPUMS,1970,NA,
URY,IPUMS,1971,NA,
URY,IPUMS,1972,NA,
URY,IPUMS,1973,NA,
URY,IPUMS,1974,NA,
URY,IPUMS,1975,1,
URY,IPUMS,1976,NA,
URY,IPUMS,1980,NA,
URY,IPUMS,1981,NA,
URY,IPUMS,1982,NA,
URY,IPUMS,1984,NA,
URY,IPUMS,1985,1,
URY,IPUMS,1988,NA,
URY,IPUMS,1990,NA,
URY,IPUMS,1991,NA,
URY,IPUMS,1992,NA,
URY,IPUMS,1993,NA,
URY,IPUMS,1994,NA,
URY,IPUMS,1995,NA,
URY,IPUMS,1996,1,
URY,IPUMS,2000,NA,
URY,IPUMS,2001,NA,
URY,IPUMS,2002,NA,
URY,IPUMS,2003,NA,
URY,IPUMS,2004,NA,
URY,IPUMS,2005,NA,
URY,IPUMS,2006,1,David
URY,IPUMS,2007,NA,
URY,IPUMS,2010,NA,
URY,IPUMS,2011,1,David
URY,IPUMS,2012,NA,
URY,IPUMS,2013,NA,
URY,IPUMS,2015,NA,
URY,IPUMS,2017,NA,
URY,IPUMS,2018,NA,
URY,IPUMS,2020,NA,
VEN,IPUMS,1960,NA,
VEN,IPUMS,1961,NA,
VEN,IPUMS,1962,NA,
VEN,IPUMS,1963,NA,
VEN,IPUMS,1964,NA,
VEN,IPUMS,1970,NA,
VEN,IPUMS,1971,1,
VEN,IPUMS,1972,NA,
VEN,IPUMS,1973,NA,
VEN,IPUMS,1974,NA,
VEN,IPUMS,1975,NA,
VEN,IPUMS,1976,NA,
VEN,IPUMS,1980,NA,
VEN,IPUMS,1981,1,
VEN,IPUMS,1982,NA,
VEN,IPUMS,1984,NA,
VEN,IPUMS,1985,NA,
VEN,IPUMS,1988,NA,
VEN,IPUMS,1990,1,
VEN,IPUMS,1991,NA,
VEN,IPUMS,1992,NA,
VEN,IPUMS,1993,NA,
VEN,IPUMS,1994,NA,
VEN,IPUMS,1995,NA,
VEN,IPUMS,1996,NA,
VEN,IPUMS,2000,NA,
VEN,IPUMS,2001,1,David
VEN,IPUMS,2002,NA,
VEN,IPUMS,2003,NA,
VEN,IPUMS,2004,NA,
VEN,IPUMS,2005,NA,
VEN,IPUMS,2006,NA,
VEN,IPUMS,2007,NA,
VEN,IPUMS,2010,NA,
VEN,IPUMS,2011,NA,
VEN,IPUMS,2012,NA,
VEN,IPUMS,2013,NA,
VEN,IPUMS,2015,NA,
VEN,IPUMS,2017,NA,
VEN,IPUMS,2018,NA,
VEN,IPUMS,2020,NA,
